season,round,series_id,series_game,best_of,date,gid,home,away,home_league,away_league,home_reg_w,home_reg_l,away_reg_w,away_reg_l,home_reg_wpct,away_reg_wpct,higher_seed,home_is_higher_seed,home_series_wins_before,away_series_wins_before,home_facing_elimination,away_facing_elimination,home_can_clinch,away_can_clinch,home_score,away_score,winner,total_runs,innings,home_f5,away_f5,f5_winner,home_inn1,away_inn1,series_winner,closing_home_ml,closing_away_ml,closing_total,closing_over_odds,closing_under_odds,odds_source
2021,WC,2021-WC-BOS-NYA,1,1,2021-10-05,BOS202110050,BOS,NYA,AL,AL,92,70,92,70,0.568,0.568,BOS,1,0,0,1,1,1,1,6,2,BOS,8,9,3,0,BOS,2,0,BOS,,,,,,
2021,WC,2021-WC-LAN-SLN,1,1,2021-10-06,LAN202110060,LAN,SLN,NL,NL,106,56,90,72,0.654,0.556,LAN,1,0,0,1,1,1,1,3,1,LAN,4,9,1,1,TIE,0,1,LAN,,,,,,
2021,DS,2021-DS-CHA-HOU,1,5,2021-10-07,HOU202110070,HOU,CHA,AL,AL,95,67,93,69,0.586,0.574,HOU,1,0,0,0,0,0,0,6,1,HOU,7,9,6,0,HOU,0,0,HOU,,,,,,
2021,DS,2021-DS-BOS-TBA,1,5,2021-10-07,TBA202110070,TBA,BOS,AL,AL,100,62,92,70,0.617,0.568,TBA,1,0,0,0,0,0,0,5,0,TBA,5,9,4,0,TBA,2,0,BOS,,,,,,
2021,DS,2021-DS-CHA-HOU,2,5,2021-10-08,HOU202110080,HOU,CHA,AL,AL,95,67,93,69,0.586,0.574,HOU,1,1,0,0,0,0,0,9,4,HOU,13,9,4,4,TIE,0,1,HOU,,,,,,
2021,DS,2021-DS-ATL-MIL,1,5,2021-10-08,MIL202110080,MIL,ATL,NL,NL,95,67,88,73,0.586,0.547,MIL,1,0,0,0,0,0,0,2,1,MIL,3,9,0,0,TIE,0,0,ATL,,,,,,
2021,DS,2021-DS-LAN-SFN,1,5,2021-10-08,SFN202110080,SFN,LAN,NL,NL,107,55,106,56,0.660,0.654,SFN,1,0,0,0,0,0,0,4,0,SFN,4,9,2,0,SFN,2,0,LAN,,,,,,
2021,DS,2021-DS-BOS-TBA,2,5,2021-10-08,TBA202110080,TBA,BOS,AL,AL,100,62,92,70,0.617,0.568,TBA,1,1,0,0,0,0,0,6,14,BOS,20,9,5,8,BOS,5,2,BOS,,,,,,
2021,DS,2021-DS-ATL-MIL,2,5,2021-10-09,MIL202110090,MIL,ATL,NL,NL,95,67,88,73,0.586,0.547,MIL,1,1,0,0,0,0,0,0,3,ATL,3,9,0,2,ATL,0,0,ATL,,,,,,
2021,DS,2021-DS-LAN-SFN,2,5,2021-10-09,SFN202110090,SFN,LAN,NL,NL,107,55,106,56,0.660,0.654,SFN,1,1,0,0,0,0,0,2,9,LAN,11,9,1,2,LAN,0,0,LAN,,,,,,
2021,DS,2021-DS-BOS-TBA,3,5,2021-10-10,BOS202110100,BOS,TBA,AL,AL,92,70,100,62,0.568,0.617,TBA,0,1,1,0,0,0,0,6,4,BOS,10,13,4,2,BOS,1,2,BOS,,,,,,
2021,DS,2021-DS-CHA-HOU,3,5,2021-10-10,CHA202110100,CHA,HOU,AL,AL,93,69,95,67,0.574,0.586,HOU,0,0,2,1,0,0,1,12,6,CHA,18,9,9,6,CHA,1,0,HOU,,,,,,
2021,DS,2021-DS-ATL-MIL,3,5,2021-10-11,ATL202110110,ATL,MIL,NL,NL,88,73,95,67,0.547,0.586,MIL,0,1,1,0,0,0,0,3,0,ATL,3,9,3,0,ATL,0,0,ATL,,,,,,
2021,DS,2021-DS-BOS-TBA,4,5,2021-10-11,BOS202110110,BOS,TBA,AL,AL,92,70,100,62,0.568,0.617,TBA,0,2,1,0,1,1,0,6,5,BOS,11,9,5,1,BOS,0,0,BOS,,,,,,
2021,DS,2021-DS-LAN-SFN,3,5,2021-10-11,LAN202110110,LAN,SFN,NL,NL,106,56,107,55,0.654,0.660,SFN,0,1,1,0,0,0,0,0,1,SFN,1,9,0,1,SFN,0,0,LAN,,,,,,
2021,DS,2021-DS-ATL-MIL,4,5,2021-10-12,ATL202110120,ATL,MIL,NL,NL,88,73,95,67,0.547,0.586,MIL,0,2,1,0,1,1,0,5,4,ATL,9,9,4,4,TIE,0,0,ATL,,,,,,
2021,DS,2021-DS-CHA-HOU,4,5,2021-10-12,CHA202110120,CHA,HOU,AL,AL,93,69,95,67,0.574,0.586,HOU,0,1,2,1,0,0,1,1,10,HOU,11,9,1,5,HOU,0,0,HOU,,,,,,
2021,DS,2021-DS-LAN-SFN,4,5,2021-10-12,LAN202110120,LAN,SFN,NL,NL,106,56,107,55,0.654,0.660,SFN,0,1,2,1,0,0,1,7,2,LAN,9,9,5,1,LAN,1,0,LAN,,,,,,
2021,DS,2021-DS-LAN-SFN,5,5,2021-10-14,SFN202110140,SFN,LAN,NL,NL,107,55,106,56,0.660,0.654,SFN,1,2,2,1,1,1,1,1,2,LAN,3,9,0,0,TIE,0,0,LAN,,,,,,
2021,LCS,2021-LCS-BOS-HOU,1,7,2021-10-15,HOU202110150,HOU,BOS,AL,AL,95,67,92,70,0.586,0.568,HOU,1,0,0,0,0,0,0,5,4,HOU,9,9,1,3,BOS,1,0,HOU,,,,,,
2021,LCS,2021-LCS-ATL-LAN,1,7,2021-10-16,ATL202110160,ATL,LAN,NL,NL,88,73,106,56,0.547,0.654,ATL,1,0,0,0,0,0,0,3,2,ATL,5,9,2,2,TIE,1,0,ATL,,,,,,
2021,LCS,2021-LCS-BOS-HOU,2,7,2021-10-16,HOU202110160,HOU,BOS,AL,AL,95,67,92,70,0.586,0.568,HOU,1,1,0,0,0,0,0,5,9,BOS,14,9,3,9,BOS,0,4,HOU,,,,,,
2021,LCS,2021-LCS-ATL-LAN,2,7,2021-10-17,ATL202110170,ATL,LAN,NL,NL,88,73,106,56,0.547,0.654,ATL,1,1,0,0,0,0,0,5,4,ATL,9,9,2,2,TIE,0,2,ATL,,,,,,
2021,LCS,2021-LCS-BOS-HOU,3,7,2021-10-18,BOS202110180,BOS,HOU,AL,AL,92,70,95,67,0.568,0.586,HOU,0,1,1,0,0,0,0,12,3,BOS,15,9,9,3,BOS,0,0,HOU,,,,,,
2021,LCS,2021-LCS-BOS-HOU,4,7,2021-10-19,BOS202110190,BOS,HOU,AL,AL,92,70,95,67,0.568,0.586,HOU,0,2,1,0,0,0,0,2,9,HOU,11,9,2,1,BOS,2,1,HOU,,,,,,
2021,LCS,2021-LCS-ATL-LAN,3,7,2021-10-19,LAN202110190,LAN,ATL,NL,NL,106,56,88,73,0.654,0.547,ATL,0,0,2,0,0,0,0,6,5,LAN,11,9,2,5,ATL,2,0,ATL,,,,,,
2021,LCS,2021-LCS-BOS-HOU,5,7,2021-10-20,BOS202110200,BOS,HOU,AL,AL,92,70,95,67,0.568,0.586,HOU,0,2,2,0,0,0,0,1,9,HOU,10,9,0,1,HOU,0,0,HOU,,,,,,
2021,LCS,2021-LCS-ATL-LAN,4,7,2021-10-20,LAN202110200,LAN,ATL,NL,NL,106,56,88,73,0.654,0.547,ATL,0,1,2,0,0,0,0,2,9,ATL,11,9,2,5,ATL,0,0,ATL,,,,,,
2021,LCS,2021-LCS-ATL-LAN,5,7,2021-10-21,LAN202110210,LAN,ATL,NL,NL,106,56,88,73,0.654,0.547,ATL,0,1,3,1,0,0,1,11,2,LAN,13,9,6,2,LAN,0,2,ATL,,,,,,
2021,LCS,2021-LCS-BOS-HOU,6,7,2021-10-22,HOU202110220,HOU,BOS,AL,AL,95,67,92,70,0.586,0.568,HOU,1,3,2,0,1,1,0,5,0,HOU,5,9,1,0,HOU,1,0,HOU,,,,,,
2021,LCS,2021-LCS-ATL-LAN,6,7,2021-10-23,ATL202110230,ATL,LAN,NL,NL,88,73,106,56,0.547,0.654,ATL,1,3,2,0,1,1,0,4,2,ATL,6,9,4,1,ATL,1,0,ATL,,,,,,
2021,WS,2021-WS-ATL-HOU,1,7,2021-10-26,HOU202110260,HOU,ATL,AL,NL,95,67,88,73,0.586,0.547,HOU,1,0,0,0,0,0,0,2,6,ATL,8,9,1,5,ATL,0,2,ATL,,,,,,
2021,WS,2021-WS-ATL-HOU,2,7,2021-10-27,HOU202110270,HOU,ATL,AL,NL,95,67,88,73,0.586,0.547,HOU,1,0,1,0,0,0,0,7,2,HOU,9,9,5,2,HOU,1,0,ATL,,,,,,
2021,WS,2021-WS-ATL-HOU,3,7,2021-10-29,ATL202110290,ATL,HOU,NL,AL,88,73,95,67,0.547,0.586,HOU,0,1,1,0,0,0,0,2,0,ATL,2,9,1,0,ATL,0,0,ATL,,,,,,
2021,WS,2021-WS-ATL-HOU,4,7,2021-10-30,ATL202110300,ATL,HOU,NL,AL,88,73,95,67,0.547,0.586,HOU,0,2,1,0,0,0,0,3,2,ATL,5,9,0,2,HOU,0,1,ATL,,,,,,
2021,WS,2021-WS-ATL-HOU,5,7,2021-10-31,ATL202110310,ATL,HOU,NL,AL,88,73,95,67,0.547,0.586,HOU,0,3,1,0,1,1,0,5,9,HOU,14,9,5,7,HOU,4,0,ATL,,,,,,
2021,WS,2021-WS-ATL-HOU,6,7,2021-11-02,HOU202111020,HOU,ATL,AL,NL,95,67,88,73,0.586,0.547,HOU,1,2,3,1,0,0,1,0,7,ATL,7,9,0,6,ATL,0,0,ATL,,,,,,
2022,WC,2022-WC-CLE-TBA,1,3,2022-10-07,CLE202210070,CLE,TBA,AL,AL,92,70,86,76,0.568,0.531,CLE,1,0,0,0,0,0,0,2,1,CLE,3,9,0,0,TIE,0,0,CLE,,,,,,
2022,WC,2022-WC-NYN-SDN,1,3,2022-10-07,NYN202210070,NYN,SDN,NL,NL,101,61,89,73,0.623,0.549,NYN,1,0,0,0,0,0,0,1,7,SDN,8,9,1,7,SDN,0,2,SDN,,,,,,
2022,WC,2022-WC-PHI-SLN,1,3,2022-10-07,SLN202210070,SLN,PHI,NL,NL,93,69,87,75,0.574,0.537,SLN,1,0,0,0,0,0,0,3,6,PHI,9,9,0,0,TIE,0,0,PHI,,,,,,
2022,WC,2022-WC-SEA-TOR,1,3,2022-10-07,TOR202210070,TOR,SEA,AL,AL,92,70,90,72,0.568,0.556,TOR,1,0,0,0,0,0,0,0,4,SEA,4,9,0,4,SEA,0,3,SEA,,,,,,
2022,WC,2022-WC-CLE-TBA,2,3,2022-10-08,CLE202210080,CLE,TBA,AL,AL,92,70,86,76,0.568,0.531,CLE,1,1,0,0,1,1,0,1,0,CLE,1,15,0,0,TIE,0,0,CLE,,,,,,
2022,WC,2022-WC-NYN-SDN,2,3,2022-10-08,NYN202210080,NYN,SDN,NL,NL,101,61,89,73,0.623,0.549,NYN,1,0,1,1,0,0,1,7,3,NYN,10,9,3,2,NYN,1,0,SDN,,,,,,
2022,WC,2022-WC-PHI-SLN,2,3,2022-10-08,SLN202210080,SLN,PHI,NL,NL,93,69,87,75,0.574,0.537,SLN,1,0,1,1,0,0,1,0,2,PHI,2,9,0,2,PHI,0,0,PHI,,,,,,
2022,WC,2022-WC-SEA-TOR,2,3,2022-10-08,TOR202210080,TOR,SEA,AL,AL,92,70,90,72,0.568,0.556,TOR,1,0,1,1,0,0,1,9,10,SEA,19,9,8,1,TOR,0,0,SEA,,,,,,
2022,WC,2022-WC-NYN-SDN,3,3,2022-10-09,NYN202210090,NYN,SDN,NL,NL,101,61,89,73,0.623,0.549,NYN,1,1,1,1,1,1,1,0,6,SDN,6,9,0,4,SDN,0,0,SDN,,,,,,
2022,DS,2022-DS-ATL-PHI,1,5,2022-10-11,ATL202210110,ATL,PHI,NL,NL,101,61,87,75,0.623,0.537,ATL,1,0,0,0,0,0,0,6,7,PHI,13,9,3,7,PHI,0,2,PHI,,,,,,
2022,DS,2022-DS-HOU-SEA,1,5,2022-10-11,HOU202210110,HOU,SEA,AL,AL,106,56,90,72,0.654,0.556,HOU,1,0,0,0,0,0,0,8,7,HOU,15,9,3,6,SEA,0,1,HOU,,,,,,
2022,DS,2022-DS-LAN-SDN,1,5,2022-10-11,LAN202210110,LAN,SDN,NL,NL,111,51,89,73,0.685,0.549,LAN,1,0,0,0,0,0,0,5,3,LAN,8,9,5,3,LAN,2,0,SDN,,,,,,
2022,DS,2022-DS-CLE-NYA,1,5,2022-10-11,NYA202210110,NYA,CLE,AL,AL,99,63,92,70,0.611,0.568,NYA,1,0,0,0,0,0,0,4,1,NYA,5,9,2,1,NYA,0,0,NYA,,,,,,
2022,DS,2022-DS-ATL-PHI,2,5,2022-10-12,ATL202210120,ATL,PHI,NL,NL,101,61,87,75,0.623,0.537,ATL,1,0,1,0,0,0,0,3,0,ATL,3,9,0,0,TIE,0,0,PHI,,,,,,
2022,DS,2022-DS-LAN-SDN,2,5,2022-10-12,LAN202210120,LAN,SDN,NL,NL,111,51,89,73,0.685,0.549,LAN,1,1,0,0,0,0,0,3,5,SDN,8,9,3,3,TIE,1,1,SDN,,,,,,
2022,DS,2022-DS-HOU-SEA,2,5,2022-10-13,HOU202210130,HOU,SEA,AL,AL,106,56,90,72,0.654,0.556,HOU,1,1,0,0,0,0,0,4,2,HOU,6,9,1,2,SEA,0,0,HOU,,,,,,
2022,DS,2022-DS-CLE-NYA,2,5,2022-10-14,NYA202210140,NYA,CLE,AL,AL,99,63,92,70,0.611,0.568,NYA,1,1,0,0,0,0,0,2,4,CLE,6,10,2,2,TIE,2,0,NYA,,,,,,
2022,DS,2022-DS-ATL-PHI,3,5,2022-10-14,PHI202210140,PHI,ATL,NL,NL,87,75,101,61,0.537,0.623,ATL,0,1,1,0,0,0,0,9,1,PHI,10,9,6,0,PHI,0,0,PHI,,,,,,
2022,DS,2022-DS-LAN-SDN,3,5,2022-10-14,SDN202210140,SDN,LAN,NL,NL,89,73,111,51,0.549,0.685,LAN,0,1,1,0,0,0,0,2,1,SDN,3,9,2,1,SDN,1,0,SDN,,,,,,
2022,DS,2022-DS-CLE-NYA,3,5,2022-10-15,CLE202210150,CLE,NYA,AL,AL,92,70,99,63,0.568,0.611,NYA,0,1,1,0,0,0,0,6,5,CLE,11,9,2,4,NYA,1,0,NYA,,,,,,
2022,DS,2022-DS-ATL-PHI,4,5,2022-10-15,PHI202210150,PHI,ATL,NL,NL,87,75,101,61,0.537,0.623,ATL,0,2,1,0,1,1,0,8,3,PHI,11,9,4,2,PHI,0,0,PHI,,,,,,
2022,DS,2022-DS-LAN-SDN,4,5,2022-10-15,SDN202210150,SDN,LAN,NL,NL,89,73,111,51,0.549,0.685,LAN,0,2,1,0,1,1,0,5,3,SDN,8,9,0,2,LAN,0,0,SDN,,,,,,
2022,DS,2022-DS-HOU-SEA,3,5,2022-10-15,SEA202210150,SEA,HOU,AL,AL,90,72,106,56,0.556,0.654,HOU,0,0,2,1,0,0,1,0,1,HOU,1,18,0,0,TIE,0,0,HOU,,,,,,
2022,DS,2022-DS-CLE-NYA,4,5,2022-10-16,CLE202210160,CLE,NYA,AL,AL,92,70,99,63,0.568,0.611,NYA,0,2,1,0,1,1,0,2,4,NYA,6,9,2,3,NYA,0,1,NYA,,,,,,
2022,DS,2022-DS-CLE-NYA,5,5,2022-10-18,NYA202210180,NYA,CLE,AL,AL,99,63,92,70,0.611,0.568,NYA,1,2,2,1,1,1,1,5,1,NYA,6,9,5,1,NYA,3,0,NYA,,,,,,
2022,LCS,2022-LCS-PHI-SDN,1,7,2022-10-18,SDN202210180,SDN,PHI,NL,NL,89,73,87,75,0.549,0.537,SDN,1,0,0,0,0,0,0,0,2,PHI,2,9,0,1,PHI,0,0,PHI,,,,,,
2022,LCS,2022-LCS-HOU-NYA,1,7,2022-10-19,HOU202210190,HOU,NYA,AL,AL,106,56,99,63,0.654,0.611,HOU,1,0,0,0,0,0,0,4,2,HOU,6,9,1,1,TIE,0,0,HOU,,,,,,
2022,LCS,2022-LCS-PHI-SDN,2,7,2022-10-19,SDN202210190,SDN,PHI,NL,NL,89,73,87,75,0.549,0.537,SDN,1,0,1,0,0,0,0,8,5,SDN,13,9,7,4,SDN,0,0,PHI,,,,,,
2022,LCS,2022-LCS-HOU-NYA,2,7,2022-10-20,HOU202210200,HOU,NYA,AL,AL,106,56,99,63,0.654,0.611,HOU,1,1,0,0,0,0,0,3,2,HOU,5,9,3,2,HOU,0,0,HOU,,,,,,
2022,LCS,2022-LCS-PHI-SDN,3,7,2022-10-21,PHI202210210,PHI,SDN,NL,NL,87,75,89,73,0.537,0.549,SDN,0,1,1,0,0,0,0,4,2,PHI,6,9,3,2,PHI,1,0,PHI,,,,,,
2022,LCS,2022-LCS-HOU-NYA,3,7,2022-10-22,NYA202210220,NYA,HOU,AL,AL,99,63,106,56,0.611,0.654,HOU,0,0,2,0,0,0,0,0,5,HOU,5,9,0,2,HOU,0,0,HOU,,,,,,
2022,LCS,2022-LCS-PHI-SDN,4,7,2022-10-22,PHI202210220,PHI,SDN,NL,NL,87,75,89,73,0.537,0.549,SDN,0,2,1,0,0,0,0,10,6,PHI,16,9,8,6,PHI,3,4,PHI,,,,,,
2022,LCS,2022-LCS-HOU-NYA,4,7,2022-10-23,NYA202210230,NYA,HOU,AL,AL,99,63,106,56,0.611,0.654,HOU,0,0,3,1,0,0,1,5,6,HOU,11,9,4,4,TIE,2,0,HOU,,,,,,
2022,LCS,2022-LCS-PHI-SDN,5,7,2022-10-23,PHI202210230,PHI,SDN,NL,NL,87,75,89,73,0.537,0.549,SDN,0,3,1,0,1,1,0,4,3,PHI,7,9,2,1,PHI,0,0,PHI,,,,,,
2022,WS,2022-WS-HOU-PHI,1,7,2022-10-28,HOU202210280,HOU,PHI,AL,NL,106,56,87,75,0.654,0.537,HOU,1,0,0,0,0,0,0,5,6,PHI,11,10,5,5,TIE,0,0,HOU,,,,,,
2022,WS,2022-WS-HOU-PHI,2,7,2022-10-29,HOU202210290,HOU,PHI,AL,NL,106,56,87,75,0.654,0.537,HOU,1,0,1,0,0,0,0,5,2,HOU,7,9,5,0,HOU,3,0,HOU,,,,,,
2022,WS,2022-WS-HOU-PHI,3,7,2022-11-01,PHI202211010,PHI,HOU,NL,AL,87,75,106,56,0.537,0.654,HOU,0,1,1,0,0,0,0,7,0,PHI,7,9,7,0,PHI,2,0,HOU,,,,,,
2022,WS,2022-WS-HOU-PHI,4,7,2022-11-02,PHI202211020,PHI,HOU,NL,AL,87,75,106,56,0.537,0.654,HOU,0,2,1,0,0,0,0,0,5,HOU,5,9,0,5,HOU,0,0,HOU,,,,,,
2022,WS,2022-WS-HOU-PHI,5,7,2022-11-03,PHI202211030,PHI,HOU,NL,AL,87,75,106,56,0.537,0.654,HOU,0,2,2,0,0,0,0,2,3,HOU,5,9,1,2,HOU,1,1,HOU,,,,,,
2022,WS,2022-WS-HOU-PHI,6,7,2022-11-05,HOU202211050,HOU,PHI,AL,NL,106,56,87,75,0.654,0.537,HOU,1,3,2,0,1,1,0,4,1,HOU,5,9,0,0,TIE,0,0,HOU,,,,,,
2023,WC,2023-WC-ARI-MIL,1,3,2023-10-03,MIL202310030,MIL,ARI,NL,NL,92,70,84,78,0.568,0.519,MIL,1,0,0,0,0,0,0,3,6,ARI,9,9,3,4,ARI,1,0,ARI,,,,,,
2023,WC,2023-WC-MIN-TOR,1,3,2023-10-03,MIN202310030,MIN,TOR,AL,AL,87,75,89,73,0.537,0.549,MIN,1,0,0,0,0,0,0,3,1,MIN,4,9,3,0,MIN,2,0,MIN,,,,,,
2023,WC,2023-WC-MIA-PHI,1,3,2023-10-03,PHI202310030,PHI,MIA,NL,NL,90,72,84,78,0.556,0.519,PHI,1,0,0,0,0,0,0,4,1,PHI,5,9,3,0,PHI,0,0,PHI,,,,,,
2023,WC,2023-WC-TBA-TEX,1,3,2023-10-03,TBA202310030,TBA,TEX,AL,AL,99,63,90,72,0.611,0.556,TBA,1,0,0,0,0,0,0,0,4,TEX,4,9,0,2,TEX,0,0,TEX,,,,,,
2023,WC,2023-WC-ARI-MIL,2,3,2023-10-04,MIL202310040,MIL,ARI,NL,NL,92,70,84,78,0.568,0.519,MIL,1,0,1,1,0,0,1,2,5,ARI,7,9,2,1,MIL,2,0,ARI,,,,,,
2023,WC,2023-WC-MIN-TOR,2,3,2023-10-04,MIN202310040,MIN,TOR,AL,AL,87,75,89,73,0.537,0.549,MIN,1,1,0,0,1,1,0,2,0,MIN,2,9,2,0,MIN,0,0,MIN,,,,,,
2023,WC,2023-WC-MIA-PHI,2,3,2023-10-04,PHI202310040,PHI,MIA,NL,NL,90,72,84,78,0.556,0.519,PHI,1,1,0,0,1,1,0,7,1,PHI,8,9,3,0,PHI,0,0,PHI,,,,,,
2023,WC,2023-WC-TBA-TEX,2,3,2023-10-04,TBA202310040,TBA,TEX,AL,AL,99,63,90,72,0.611,0.556,TBA,1,0,1,1,0,0,1,1,7,TEX,8,9,0,5,TEX,0,0,TEX,,,,,,
2023,DS,2023-DS-ATL-PHI,1,5,2023-10-07,ATL202310070,ATL,PHI,NL,NL,104,58,90,72,0.642,0.556,ATL,1,0,0,0,0,0,0,0,3,PHI,3,9,0,1,PHI,0,0,PHI,,,,,,
2023,DS,2023-DS-BAL-TEX,1,5,2023-10-07,BAL202310070,BAL,TEX,AL,AL,101,61,90,72,0.623,0.556,BAL,1,0,0,0,0,0,0,2,3,TEX,5,9,1,2,TEX,0,0,TEX,,,,,,
2023,DS,2023-DS-HOU-MIN,1,5,2023-10-07,HOU202310070,HOU,MIN,AL,AL,90,72,87,75,0.556,0.537,HOU,1,0,0,0,0,0,0,6,4,HOU,10,9,5,0,HOU,1,0,HOU,,,,,,
2023,DS,2023-DS-ARI-LAN,1,5,2023-10-07,LAN202310070,LAN,ARI,NL,NL,100,62,84,78,0.617,0.519,LAN,1,0,0,0,0,0,0,2,11,ARI,13,9,0,9,ARI,0,6,ARI,,,,,,
2023,DS,2023-DS-BAL-TEX,2,5,2023-10-08,BAL202310080,BAL,TEX,AL,AL,101,61,90,72,0.623,0.556,BAL,1,0,1,0,0,0,0,8,11,TEX,19,9,5,10,TEX,2,0,TEX,,,,,,
2023,DS,2023-DS-HOU-MIN,2,5,2023-10-08,HOU202310080,HOU,MIN,AL,AL,90,72,87,75,0.556,0.537,HOU,1,1,0,0,0,0,0,2,6,MIN,8,9,0,5,MIN,0,1,HOU,,,,,,
2023,DS,2023-DS-ATL-PHI,2,5,2023-10-09,ATL202310090,ATL,PHI,NL,NL,104,58,90,72,0.642,0.556,ATL,1,0,1,0,0,0,0,5,4,ATL,9,9,0,4,PHI,0,1,PHI,,,,,,
2023,DS,2023-DS-ARI-LAN,2,5,2023-10-09,LAN202310090,LAN,ARI,NL,NL,100,62,84,78,0.617,0.519,LAN,1,0,1,0,0,0,0,2,4,ARI,6,9,1,3,ARI,0,3,ARI,,,,,,
2023,DS,2023-DS-HOU-MIN,3,5,2023-10-10,MIN202310100,MIN,HOU,AL,AL,87,75,90,72,0.537,0.556,HOU,0,1,1,0,0,0,0,1,9,HOU,10,9,0,5,HOU,0,4,HOU,,,,,,
2023,DS,2023-DS-BAL-TEX,3,5,2023-10-10,TEX202310100,TEX,BAL,AL,AL,90,72,101,61,0.556,0.623,BAL,0,2,0,0,1,1,0,7,1,TEX,8,9,6,1,TEX,1,0,TEX,,,,,,
2023,DS,2023-DS-ARI-LAN,3,5,2023-10-11,ARI202310110,ARI,LAN,NL,NL,84,78,100,62,0.519,0.617,LAN,0,2,0,0,1,1,0,4,2,ARI,6,9,4,0,ARI,0,0,ARI,,,,,,
2023,DS,2023-DS-HOU-MIN,4,5,2023-10-11,MIN202310110,MIN,HOU,AL,AL,87,75,90,72,0.537,0.556,HOU,0,1,2,1,0,0,1,2,3,HOU,5,9,1,3,HOU,1,0,HOU,,,,,,
2023,DS,2023-DS-ATL-PHI,3,5,2023-10-11,PHI202310110,PHI,ATL,NL,NL,90,72,104,58,0.556,0.642,ATL,0,1,1,0,0,0,0,10,2,PHI,12,9,7,1,PHI,0,0,PHI,,,,,,
2023,DS,2023-DS-ATL-PHI,4,5,2023-10-12,PHI202310120,PHI,ATL,NL,NL,90,72,104,58,0.556,0.642,ATL,0,2,1,0,1,1,0,3,1,PHI,4,9,2,1,PHI,0,0,PHI,,,,,,
2023,LCS,2023-LCS-HOU-TEX,1,7,2023-10-15,HOU202310150,HOU,TEX,AL,AL,90,72,90,72,0.556,0.556,HOU,1,0,0,0,0,0,0,0,2,TEX,2,9,0,2,TEX,0,0,TEX,,,,,,
2023,LCS,2023-LCS-HOU-TEX,2,7,2023-10-16,HOU202310160,HOU,TEX,AL,AL,90,72,90,72,0.556,0.556,HOU,1,0,1,0,0,0,0,4,5,TEX,9,9,2,5,TEX,0,4,TEX,,,,,,
2023,LCS,2023-LCS-ARI-PHI,1,7,2023-10-16,PHI202310160,PHI,ARI,NL,NL,90,72,84,78,0.556,0.519,PHI,1,0,0,0,0,0,0,5,3,PHI,8,9,5,0,PHI,2,0,ARI,,,,,,
2023,LCS,2023-LCS-ARI-PHI,2,7,2023-10-17,PHI202310170,PHI,ARI,NL,NL,90,72,84,78,0.556,0.519,PHI,1,1,0,0,0,0,0,10,0,PHI,10,9,2,0,PHI,1,0,ARI,,,,,,
2023,LCS,2023-LCS-HOU-TEX,3,7,2023-10-18,TEX202310180,TEX,HOU,AL,AL,90,72,90,72,0.556,0.556,HOU,0,2,0,0,0,0,0,5,8,HOU,13,9,2,5,HOU,0,0,TEX,,,,,,
2023,LCS,2023-LCS-ARI-PHI,3,7,2023-10-19,ARI202310190,ARI,PHI,NL,NL,84,78,90,72,0.519,0.556,PHI,0,0,2,0,0,0,0,2,1,ARI,3,9,0,0,TIE,0,0,ARI,,,,,,
2023,LCS,2023-LCS-HOU-TEX,4,7,2023-10-19,TEX202310190,TEX,HOU,AL,AL,90,72,90,72,0.556,0.556,HOU,0,2,1,0,0,0,0,3,10,HOU,13,9,3,7,HOU,0,3,TEX,,,,,,
2023,LCS,2023-LCS-ARI-PHI,4,7,2023-10-20,ARI202310200,ARI,PHI,NL,NL,84,78,90,72,0.519,0.556,PHI,0,1,2,0,0,0,0,6,5,ARI,11,9,2,2,TIE,0,0,ARI,,,,,,
2023,LCS,2023-LCS-HOU-TEX,5,7,2023-10-20,TEX202310200,TEX,HOU,AL,AL,90,72,90,72,0.556,0.556,HOU,0,2,2,0,0,0,0,4,5,HOU,9,9,1,1,TIE,0,1,TEX,,,,,,
2023,LCS,2023-LCS-ARI-PHI,5,7,2023-10-21,ARI202310210,ARI,PHI,NL,NL,84,78,90,72,0.519,0.556,PHI,0,2,2,0,0,0,0,1,6,PHI,7,9,0,2,PHI,0,2,ARI,,,,,,
2023,LCS,2023-LCS-HOU-TEX,6,7,2023-10-22,HOU202310220,HOU,TEX,AL,AL,90,72,90,72,0.556,0.556,HOU,1,3,2,0,1,1,0,2,9,TEX,11,9,1,3,TEX,1,0,TEX,,,,,,
2023,LCS,2023-LCS-HOU-TEX,7,7,2023-10-23,HOU202310230,HOU,TEX,AL,AL,90,72,90,72,0.556,0.556,HOU,1,3,3,1,1,1,1,4,11,TEX,15,9,2,8,TEX,1,3,TEX,,,,,,
2023,LCS,2023-LCS-ARI-PHI,6,7,2023-10-23,PHI202310230,PHI,ARI,NL,NL,90,72,84,78,0.556,0.519,PHI,1,3,2,0,1,1,0,1,5,ARI,6,9,1,4,ARI,0,0,ARI,,,,,,
2023,LCS,2023-LCS-ARI-PHI,7,7,2023-10-24,PHI202310240,PHI,ARI,NL,NL,90,72,84,78,0.556,0.519,PHI,1,3,3,1,1,1,1,2,4,ARI,6,9,2,3,ARI,0,1,ARI,,,,,,
2023,WS,2023-WS-ARI-TEX,1,7,2023-10-27,TEX202310270,TEX,ARI,AL,NL,90,72,84,78,0.556,0.519,TEX,1,0,0,0,0,0,0,6,5,TEX,11,11,3,5,ARI,2,0,TEX,,,,,,
2023,WS,2023-WS-ARI-TEX,2,7,2023-10-28,TEX202310280,TEX,ARI,AL,NL,90,72,84,78,0.556,0.519,TEX,1,1,0,0,0,0,0,1,9,ARI,10,9,1,2,ARI,0,0,TEX,,,,,,
2023,WS,2023-WS-ARI-TEX,3,7,2023-10-30,ARI202310300,ARI,TEX,NL,AL,84,78,90,72,0.519,0.556,TEX,0,1,1,0,0,0,0,1,3,TEX,4,9,0,3,TEX,0,0,TEX,,,,,,
2023,WS,2023-WS-ARI-TEX,4,7,2023-10-31,ARI202310310,ARI,TEX,NL,AL,84,78,90,72,0.519,0.556,TEX,0,1,2,0,0,0,0,7,11,TEX,18,9,1,10,TEX,0,0,TEX,,,,,,
2023,WS,2023-WS-ARI-TEX,5,7,2023-11-01,ARI202311010,ARI,TEX,NL,AL,84,78,90,72,0.519,0.556,TEX,0,1,3,1,0,0,1,0,5,TEX,5,9,0,0,TIE,0,0,TEX,,,,,,
2024,WC,2024-WC-BAL-KCA,1,3,2024-10-01,BAL202410010,BAL,KCA,AL,AL,91,71,86,76,0.562,0.531,BAL,1,0,0,0,0,0,0,0,1,KCA,1,9,0,0,TIE,0,0,KCA,,,,,,
2024,WC,2024-WC-DET-HOU,1,3,2024-10-01,HOU202410010,HOU,DET,AL,AL,88,73,86,76,0.547,0.531,HOU,1,0,0,0,0,0,0,1,3,DET,4,9,0,3,DET,0,0,DET,,,,,,
2024,WC,2024-WC-MIL-NYN,1,3,2024-10-01,MIL202410010,MIL,NYN,NL,NL,93,69,89,73,0.574,0.549,MIL,1,0,0,0,0,0,0,4,8,NYN,12,9,4,8,NYN,2,0,NYN,,,,,,
2024,WC,2024-WC-ATL-SDN,1,3,2024-10-01,SDN202410010,SDN,ATL,NL,NL,93,69,89,73,0.574,0.549,SDN,1,0,0,0,0,0,0,4,0,SDN,4,9,3,0,SDN,2,0,SDN,,,,,,
2024,WC,2024-WC-BAL-KCA,2,3,2024-10-02,BAL202410020,BAL,KCA,AL,AL,91,71,86,76,0.562,0.531,BAL,1,0,1,1,0,0,1,1,2,KCA,3,9,1,1,TIE,0,1,KCA,,,,,,
2024,WC,2024-WC-DET-HOU,2,3,2024-10-02,HOU202410020,HOU,DET,AL,AL,88,73,86,76,0.547,0.531,HOU,1,0,1,1,0,0,1,2,5,DET,7,9,0,0,TIE,0,0,DET,,,,,,
2024,WC,2024-WC-MIL-NYN,2,3,2024-10-02,MIL202410020,MIL,NYN,NL,NL,93,69,89,73,0.574,0.549,MIL,1,0,1,1,0,0,1,5,3,MIL,8,9,2,3,NYN,1,1,NYN,,,,,,
2024,WC,2024-WC-ATL-SDN,2,3,2024-10-02,SDN202410020,SDN,ATL,NL,NL,93,69,89,73,0.574,0.549,SDN,1,1,0,0,1,1,0,5,4,SDN,9,9,5,2,SDN,0,1,SDN,,,,,,
2024,WC,2024-WC-MIL-NYN,3,3,2024-10-03,MIL202410030,MIL,NYN,NL,NL,93,69,89,73,0.574,0.549,MIL,1,1,1,1,1,1,1,2,4,NYN,6,9,0,0,TIE,0,0,NYN,,,,,,
2024,DS,2024-DS-CLE-DET,1,5,2024-10-05,CLE202410050,CLE,DET,AL,AL,92,69,86,76,0.571,0.531,CLE,1,0,0,0,0,0,0,7,0,CLE,7,9,5,0,CLE,5,0,CLE,,,,,,
2024,DS,2024-DS-LAN-SDN,1,5,2024-10-05,LAN202410050,LAN,SDN,NL,NL,98,64,93,69,0.605,0.574,LAN,1,0,0,0,0,0,0,7,5,LAN,12,9,7,5,LAN,0,3,LAN,,,,,,
2024,DS,2024-DS-KCA-NYA,1,5,2024-10-05,NYA202410050,NYA,KCA,AL,AL,94,68,86,76,0.580,0.531,NYA,1,0,0,0,0,0,0,6,5,NYA,11,9,4,3,NYA,0,0,NYA,,,,,,
2024,DS,2024-DS-NYN-PHI,1,5,2024-10-05,PHI202410050,PHI,NYN,NL,NL,95,67,89,73,0.586,0.549,PHI,1,0,0,0,0,0,0,2,6,NYN,8,9,1,0,PHI,1,0,NYN,,,,,,
2024,DS,2024-DS-LAN-SDN,2,5,2024-10-06,LAN202410060,LAN,SDN,NL,NL,98,64,93,69,0.605,0.574,LAN,1,1,0,0,0,0,0,2,10,SDN,12,9,1,3,SDN,0,1,LAN,,,,,,
2024,DS,2024-DS-NYN-PHI,2,5,2024-10-06,PHI202410060,PHI,NYN,NL,NL,95,67,89,73,0.586,0.549,PHI,1,0,1,0,0,0,0,7,6,PHI,13,9,0,2,NYN,0,0,NYN,,,,,,
2024,DS,2024-DS-CLE-DET,2,5,2024-10-07,CLE202410070,CLE,DET,AL,AL,92,69,86,76,0.571,0.531,CLE,1,1,0,0,0,0,0,0,3,DET,3,9,0,0,TIE,0,0,CLE,,,,,,
2024,DS,2024-DS-KCA-NYA,2,5,2024-10-07,NYA202410070,NYA,KCA,AL,AL,94,68,86,76,0.580,0.531,NYA,1,1,0,0,0,0,0,2,4,KCA,6,9,1,4,KCA,0,0,NYA,,,,,,
2024,DS,2024-DS-NYN-PHI,3,5,2024-10-08,NYN202410080,NYN,PHI,NL,NL,89,73,95,67,0.549,0.586,PHI,0,1,1,0,0,0,0,7,2,NYN,9,9,2,0,NYN,0,0,NYN,,,,,,
2024,DS,2024-DS-LAN-SDN,3,5,2024-10-08,SDN202410080,SDN,LAN,NL,NL,93,69,98,64,0.574,0.605,LAN,0,1,1,0,0,0,0,6,5,SDN,11,9,6,5,SDN,0,1,LAN,,,,,,
2024,DS,2024-DS-CLE-DET,3,5,2024-10-09,DET202410090,DET,CLE,AL,AL,86,76,92,69,0.531,0.571,CLE,0,1,1,0,0,0,0,3,0,DET,3,9,2,0,DET,1,0,CLE,,,,,,
2024,DS,2024-DS-KCA-NYA,3,5,2024-10-09,KCA202410090,KCA,NYA,AL,AL,86,76,94,68,0.531,0.580,NYA,0,1,1,0,0,0,0,2,3,NYA,5,9,2,2,TIE,0,0,NYA,,,,,,
2024,DS,2024-DS-NYN-PHI,4,5,2024-10-09,NYN202410090,NYN,PHI,NL,NL,89,73,95,67,0.549,0.586,PHI,0,2,1,0,1,1,0,4,1,NYN,5,9,0,1,PHI,0,0,NYN,,,,,,
2024,DS,2024-DS-LAN-SDN,4,5,2024-10-09,SDN202410090,SDN,LAN,NL,NL,93,69,98,64,0.574,0.605,LAN,0,2,1,0,1,1,0,0,8,LAN,8,9,0,5,LAN,0,1,LAN,,,,,,
2024,DS,2024-DS-CLE-DET,4,5,2024-10-10,DET202410100,DET,CLE,AL,AL,86,76,92,69,0.531,0.571,CLE,0,2,1,0,1,1,0,4,5,CLE,9,9,2,2,TIE,0,1,CLE,,,,,,
2024,DS,2024-DS-KCA-NYA,4,5,2024-10-10,KCA202410100,KCA,NYA,AL,AL,86,76,94,68,0.531,0.580,NYA,0,1,2,1,0,0,1,1,3,NYA,4,9,0,2,NYA,0,1,NYA,,,,,,
2024,DS,2024-DS-LAN-SDN,5,5,2024-10-11,LAN202410110,LAN,SDN,NL,NL,98,64,93,69,0.605,0.574,LAN,1,2,2,1,1,1,1,2,0,LAN,2,9,1,0,LAN,0,0,LAN,,,,,,
2024,DS,2024-DS-CLE-DET,5,5,2024-10-12,CLE202410120,CLE,DET,AL,AL,92,69,86,76,0.571,0.531,CLE,1,2,2,1,1,1,1,7,3,CLE,10,9,5,1,CLE,0,0,CLE,,,,,,
2024,LCS,2024-LCS-LAN-NYN,1,7,2024-10-13,LAN202410130,LAN,NYN,NL,NL,98,64,89,73,0.605,0.549,LAN,1,0,0,0,0,0,0,9,0,LAN,9,9,6,0,LAN,2,0,LAN,,,,,,
2024,LCS,2024-LCS-LAN-NYN,2,7,2024-10-14,LAN202410140,LAN,NYN,NL,NL,98,64,89,73,0.605,0.549,LAN,1,1,0,0,0,0,0,3,7,NYN,10,9,1,6,NYN,0,1,LAN,,,,,,
2024,LCS,2024-LCS-CLE-NYA,1,7,2024-10-14,NYA202410140,NYA,CLE,AL,AL,94,68,92,69,0.580,0.571,NYA,1,0,0,0,0,0,0,5,2,NYA,7,9,4,0,NYA,0,0,NYA,,,,,,
2024,LCS,2024-LCS-CLE-NYA,2,7,2024-10-15,NYA202410150,NYA,CLE,AL,AL,94,68,92,69,0.580,0.571,NYA,1,1,0,0,0,0,0,6,3,NYA,9,9,3,2,NYA,1,0,NYA,,,,,,
2024,LCS,2024-LCS-LAN-NYN,3,7,2024-10-16,NYN202410160,NYN,LAN,NL,NL,89,73,98,64,0.549,0.605,LAN,0,1,1,0,0,0,0,0,8,LAN,8,9,0,2,LAN,0,0,LAN,,,,,,
2024,LCS,2024-LCS-CLE-NYA,3,7,2024-10-17,CLE202410170,CLE,NYA,AL,AL,92,69,94,68,0.571,0.580,NYA,0,0,2,0,0,0,0,7,5,CLE,12,10,2,1,CLE,0,0,NYA,,,,,,
2024,LCS,2024-LCS-LAN-NYN,4,7,2024-10-17,NYN202410170,NYN,LAN,NL,NL,89,73,98,64,0.549,0.605,LAN,0,1,2,0,0,0,0,2,10,LAN,12,9,2,5,LAN,1,1,LAN,,,,,,
2024,LCS,2024-LCS-CLE-NYA,4,7,2024-10-18,CLE202410180,CLE,NYA,AL,AL,92,69,94,68,0.571,0.580,NYA,0,1,2,0,0,0,0,6,8,NYA,14,9,2,3,NYA,1,2,NYA,,,,,,
2024,LCS,2024-LCS-LAN-NYN,5,7,2024-10-18,NYN202410180,NYN,LAN,NL,NL,89,73,98,64,0.549,0.605,LAN,0,1,3,1,0,0,1,12,6,NYN,18,9,10,5,NYN,3,0,LAN,,,,,,
2024,LCS,2024-LCS-CLE-NYA,5,7,2024-10-19,CLE202410190,CLE,NYA,AL,AL,92,69,94,68,0.571,0.580,NYA,0,1,3,1,0,0,1,2,5,NYA,7,10,2,0,CLE,0,0,NYA,,,,,,
2024,LCS,2024-LCS-LAN-NYN,6,7,2024-10-20,LAN202410200,LAN,NYN,NL,NL,98,64,89,73,0.605,0.549,LAN,1,3,2,0,1,1,0,10,5,LAN,15,9,6,3,LAN,2,1,LAN,,,,,,
2024,WS,2024-WS-LAN-NYA,1,7,2024-10-25,LAN202410250,LAN,NYA,NL,AL,98,64,94,68,0.605,0.580,LAN,1,0,0,0,0,0,0,6,3,LAN,9,10,1,0,LAN,0,0,LAN,,,,,,
2024,WS,2024-WS-LAN-NYA,2,7,2024-10-26,LAN202410260,LAN,NYA,NL,AL,98,64,94,68,0.605,0.580,LAN,1,1,0,0,0,0,0,4,2,LAN,6,9,4,1,LAN,0,0,LAN,,,,,,
2024,WS,2024-WS-LAN-NYA,3,7,2024-10-28,NYA202410280,NYA,LAN,AL,NL,94,68,98,64,0.580,0.605,LAN,0,0,2,0,0,0,0,2,4,LAN,6,9,0,3,LAN,0,2,LAN,,,,,,
2024,WS,2024-WS-LAN-NYA,4,7,2024-10-29,NYA202410290,NYA,LAN,AL,NL,94,68,98,64,0.580,0.605,LAN,0,0,3,1,0,0,1,11,4,NYA,15,9,5,4,NYA,0,2,LAN,,,,,,
2024,WS,2024-WS-LAN-NYA,5,7,2024-10-30,NYA202410300,NYA,LAN,AL,NL,94,68,98,64,0.580,0.605,LAN,0,1,3,1,0,0,1,6,7,LAN,13,9,5,5,TIE,3,0,LAN,,,,,,
2025,WC,2025-WC-CHN-SDN,1,3,2025-09-30,CHN202509300,CHN,SDN,NL,NL,92,70,90,72,0.568,0.556,CHN,1,0,0,0,0,0,0,3,1,CHN,4,9,2,1,CHN,0,0,CHN,,,,,,
2025,WC,2025-WC-CLE-DET,1,3,2025-09-30,CLE202509300,CLE,DET,AL,AL,88,74,87,75,0.543,0.537,CLE,1,0,0,0,0,0,0,1,2,DET,3,9,1,1,TIE,0,1,DET,,,,,,
2025,WC,2025-WC-CIN-LAN,1,3,2025-09-30,LAN202509300,LAN,CIN,NL,NL,93,69,83,79,0.574,0.512,LAN,1,0,0,0,0,0,0,10,5,LAN,15,9,6,0,LAN,1,0,LAN,,,,,,
2025,WC,2025-WC-BOS-NYA,1,3,2025-09-30,NYA202509300,NYA,BOS,AL,AL,94,68,89,73,0.580,0.549,NYA,1,0,0,0,0,0,0,1,3,BOS,4,9,1,0,NYA,0,0,NYA,,,,,,
2025,WC,2025-WC-CHN-SDN,2,3,2025-10-01,CHN202510010,CHN,SDN,NL,NL,92,70,90,72,0.568,0.556,CHN,1,1,0,0,1,1,0,0,3,SDN,3,9,0,3,SDN,0,1,CHN,,,,,,
2025,WC,2025-WC-CLE-DET,2,3,2025-10-01,CLE202510010,CLE,DET,AL,AL,88,74,87,75,0.543,0.537,CLE,1,0,1,1,0,0,1,6,1,CLE,7,9,1,1,TIE,1,0,DET,,,,,,
2025,WC,2025-WC-CIN-LAN,2,3,2025-10-01,LAN202510010,LAN,CIN,NL,NL,93,69,83,79,0.574,0.512,LAN,1,1,0,0,1,1,0,8,4,LAN,12,9,3,2,LAN,0,2,LAN,,,,,,
2025,WC,2025-WC-BOS-NYA,2,3,2025-10-01,NYA202510010,NYA,BOS,AL,AL,94,68,89,73,0.580,0.549,NYA,1,0,1,1,0,0,1,4,3,NYA,7,9,3,2,NYA,2,0,NYA,,,,,,
2025,WC,2025-WC-CHN-SDN,3,3,2025-10-02,CHN202510020,CHN,SDN,NL,NL,92,70,90,72,0.568,0.556,CHN,1,1,1,1,1,1,1,3,1,CHN,4,9,2,0,CHN,0,0,CHN,,,,,,
2025,WC,2025-WC-CLE-DET,3,3,2025-10-02,CLE202510020,CLE,DET,AL,AL,88,74,87,75,0.543,0.537,CLE,1,1,1,1,1,1,1,3,6,DET,9,9,1,1,TIE,0,0,DET,,,,,,
2025,WC,2025-WC-BOS-NYA,3,3,2025-10-02,NYA202510020,NYA,BOS,AL,AL,94,68,89,73,0.580,0.549,NYA,1,1,1,1,1,1,1,4,0,NYA,4,9,4,0,NYA,0,0,NYA,,,,,,
2025,DS,2025-DS-CHN-MIL,1,5,2025-10-04,MIL202510040,MIL,CHN,NL,NL,97,65,92,70,0.599,0.568,MIL,1,0,0,0,0,0,0,9,3,MIL,12,9,9,1,MIL,6,1,MIL,,,,,,
2025,DS,2025-DS-LAN-PHI,1,5,2025-10-04,PHI202510040,PHI,LAN,NL,NL,96,66,93,69,0.593,0.574,PHI,1,0,0,0,0,0,0,3,5,LAN,8,9,3,0,PHI,0,0,LAN,,,,,,
2025,DS,2025-DS-DET-SEA,1,5,2025-10-04,SEA202510040,SEA,DET,AL,AL,90,72,87,75,0.556,0.537,SEA,1,0,0,0,0,0,0,2,3,DET,5,11,1,2,DET,0,0,SEA,,,,,,
2025,DS,2025-DS-NYA-TOR,1,5,2025-10-04,TOR202510040,TOR,NYA,AL,AL,94,68,94,68,0.580,0.580,TOR,1,0,0,0,0,0,0,10,1,TOR,11,9,2,0,TOR,1,0,TOR,,,,,,
2025,DS,2025-DS-DET-SEA,2,5,2025-10-05,SEA202510050,SEA,DET,AL,AL,90,72,87,75,0.556,0.537,SEA,1,0,1,0,0,0,0,3,2,SEA,5,9,1,0,SEA,0,0,SEA,,,,,,
2025,DS,2025-DS-NYA-TOR,2,5,2025-10-05,TOR202510050,TOR,NYA,AL,AL,94,68,94,68,0.580,0.580,TOR,1,1,0,0,0,0,0,13,7,TOR,20,9,12,0,TOR,0,0,TOR,,,,,,
2025,DS,2025-DS-CHN-MIL,2,5,2025-10-06,MIL202510060,MIL,CHN,NL,NL,97,65,92,70,0.599,0.568,MIL,1,1,0,0,0,0,0,7,3,MIL,10,9,7,3,MIL,3,3,MIL,,,,,,
2025,DS,2025-DS-LAN-PHI,2,5,2025-10-06,PHI202510060,PHI,LAN,NL,NL,96,66,93,69,0.593,0.574,PHI,1,0,1,0,0,0,0,3,4,LAN,7,9,0,0,TIE,0,0,LAN,,,,,,
2025,DS,2025-DS-DET-SEA,3,5,2025-10-07,DET202510070,DET,SEA,AL,AL,87,75,90,72,0.537,0.556,SEA,0,1,1,0,0,0,0,4,8,SEA,12,9,1,4,SEA,0,0,SEA,,,,,,
2025,DS,2025-DS-NYA-TOR,3,5,2025-10-07,NYA202510070,NYA,TOR,AL,AL,94,68,94,68,0.580,0.580,TOR,0,0,2,1,0,0,1,9,6,NYA,15,9,8,6,NYA,1,2,TOR,,,,,,
2025,DS,2025-DS-CHN-MIL,3,5,2025-10-08,CHN202510080,CHN,MIL,NL,NL,92,70,97,65,0.568,0.599,MIL,0,0,2,1,0,0,1,4,3,CHN,7,9,4,2,CHN,4,1,MIL,,,,,,
2025,DS,2025-DS-DET-SEA,4,5,2025-10-08,DET202510080,DET,SEA,AL,AL,87,75,90,72,0.537,0.556,SEA,0,1,2,1,0,0,1,9,3,DET,12,9,3,3,TIE,0,0,SEA,,,,,,
2025,DS,2025-DS-LAN-PHI,3,5,2025-10-08,LAN202510080,LAN,PHI,NL,NL,93,69,96,66,0.574,0.593,PHI,0,2,0,0,1,1,0,2,8,PHI,10,9,1,3,PHI,0,0,LAN,,,,,,
2025,DS,2025-DS-NYA-TOR,4,5,2025-10-08,NYA202510080,NYA,TOR,AL,AL,94,68,94,68,0.580,0.580,TOR,0,1,2,1,0,0,1,2,5,TOR,7,9,1,2,TOR,0,1,TOR,,,,,,
2025,DS,2025-DS-CHN-MIL,4,5,2025-10-09,CHN202510090,CHN,MIL,NL,NL,92,70,97,65,0.568,0.599,MIL,0,1,2,1,0,0,1,6,0,CHN,6,9,3,0,CHN,3,0,MIL,,,,,,
2025,DS,2025-DS-LAN-PHI,4,5,2025-10-09,LAN202510090,LAN,PHI,NL,NL,93,69,96,66,0.574,0.593,PHI,0,2,1,0,1,1,0,2,1,LAN,3,11,0,0,TIE,0,0,LAN,,,,,,
2025,DS,2025-DS-DET-SEA,5,5,2025-10-10,SEA202510100,SEA,DET,AL,AL,90,72,87,75,0.556,0.537,SEA,1,2,2,1,1,1,1,3,2,SEA,5,15,1,0,SEA,0,0,SEA,,,,,,
2025,DS,2025-DS-CHN-MIL,5,5,2025-10-11,MIL202510110,MIL,CHN,NL,NL,97,65,92,70,0.599,0.568,MIL,1,2,2,1,1,1,1,3,1,MIL,4,9,2,1,MIL,1,0,MIL,,,,,,
2025,LCS,2025-LCS-SEA-TOR,1,7,2025-10-12,TOR202510120,TOR,SEA,AL,AL,94,68,90,72,0.580,0.556,TOR,1,0,0,0,0,0,0,1,3,SEA,4,9,1,0,TOR,1,0,TOR,,,,,,
2025,LCS,2025-LCS-LAN-MIL,1,7,2025-10-13,MIL202510130,MIL,LAN,NL,NL,97,65,93,69,0.599,0.574,MIL,1,0,0,0,0,0,0,1,2,LAN,3,9,0,0,TIE,0,0,LAN,,,,,,
2025,LCS,2025-LCS-SEA-TOR,2,7,2025-10-13,TOR202510130,TOR,SEA,AL,AL,94,68,90,72,0.580,0.556,TOR,1,0,1,0,0,0,0,3,10,SEA,13,9,3,6,SEA,2,3,TOR,,,,,,
2025,LCS,2025-LCS-LAN-MIL,2,7,2025-10-14,MIL202510140,MIL,LAN,NL,NL,97,65,93,69,0.599,0.574,MIL,1,0,1,0,0,0,0,1,5,LAN,6,9,1,2,LAN,1,0,LAN,,,,,,
2025,LCS,2025-LCS-SEA-TOR,3,7,2025-10-15,SEA202510150,SEA,TOR,AL,AL,90,72,94,68,0.556,0.580,TOR,0,2,0,0,0,0,0,4,13,TOR,17,9,2,8,TOR,2,0,TOR,,,,,,
2025,LCS,2025-LCS-LAN-MIL,3,7,2025-10-16,LAN202510160,LAN,MIL,NL,NL,93,69,97,65,0.574,0.599,MIL,0,2,0,0,0,0,0,3,1,LAN,4,9,1,1,TIE,1,0,LAN,,,,,,
2025,LCS,2025-LCS-SEA-TOR,4,7,2025-10-16,SEA202510160,SEA,TOR,AL,AL,90,72,94,68,0.556,0.580,TOR,0,2,1,0,0,0,0,2,8,TOR,10,9,1,5,TOR,0,0,TOR,,,,,,
2025,LCS,2025-LCS-LAN-MIL,4,7,2025-10-17,LAN202510170,LAN,MIL,NL,NL,93,69,97,65,0.574,0.599,MIL,0,3,0,0,1,1,0,5,1,LAN,6,9,4,0,LAN,3,0,LAN,,,,,,
2025,LCS,2025-LCS-SEA-TOR,5,7,2025-10-17,SEA202510170,SEA,TOR,AL,AL,90,72,94,68,0.556,0.580,TOR,0,2,2,0,0,0,0,6,2,SEA,8,9,1,1,TIE,0,0,TOR,,,,,,
2025,LCS,2025-LCS-SEA-TOR,6,7,2025-10-19,TOR202510190,TOR,SEA,AL,AL,94,68,90,72,0.580,0.556,TOR,1,2,3,1,0,0,1,6,2,TOR,8,9,5,0,TOR,0,0,TOR,,,,,,
2025,LCS,2025-LCS-SEA-TOR,7,7,2025-10-20,TOR202510200,TOR,SEA,AL,AL,94,68,90,72,0.580,0.556,TOR,1,3,3,1,1,1,1,4,3,TOR,7,9,1,3,SEA,1,1,TOR,,,,,,
2025,WS,2025-WS-LAN-TOR,1,7,2025-10-24,TOR202510240,TOR,LAN,AL,NL,94,68,93,69,0.580,0.574,TOR,1,0,0,0,0,0,0,11,4,TOR,15,9,2,2,TIE,0,0,LAN,,,,,,
2025,WS,2025-WS-LAN-TOR,2,7,2025-10-25,TOR202510250,TOR,LAN,AL,NL,94,68,93,69,0.580,0.574,TOR,1,1,0,0,0,0,0,1,5,LAN,6,9,1,1,TIE,0,1,LAN,,,,,,
2025,WS,2025-WS-LAN-TOR,3,7,2025-10-27,LAN202510270,LAN,TOR,NL,AL,93,69,94,68,0.574,0.580,TOR,0,1,1,0,0,0,0,6,5,LAN,11,18,4,4,TIE,0,0,LAN,,,,,,
2025,WS,2025-WS-LAN-TOR,4,7,2025-10-28,LAN202510280,LAN,TOR,NL,AL,93,69,94,68,0.574,0.580,TOR,0,2,1,0,0,0,0,2,6,TOR,8,9,1,2,TOR,0,0,LAN,,,,,,
2025,WS,2025-WS-LAN-TOR,5,7,2025-10-29,LAN202510290,LAN,TOR,NL,AL,93,69,94,68,0.574,0.580,TOR,0,2,2,0,0,0,0,1,6,TOR,7,9,1,3,TOR,0,2,LAN,,,,,,
2025,WS,2025-WS-LAN-TOR,6,7,2025-10-31,TOR202510310,TOR,LAN,AL,NL,94,68,93,69,0.580,0.574,TOR,1,3,2,0,1,1,0,1,3,LAN,4,9,1,3,LAN,0,0,LAN,,,,,,
2025,WS,2025-WS-LAN-TOR,7,7,2025-11-01,TOR202511010,TOR,LAN,AL,NL,94,68,93,69,0.580,0.574,TOR,1,3,3,1,1,1,1,4,5,LAN,9,11,3,1,TOR,0,0,LAN,,,,,,
