gid,closing_home_ml,closing_away_ml,closing_total,closing_over_odds,closing_under_odds,odds_source,espn_event_id
BOS202110050,116,-135,8.0,-102,-118,espn_pickcenter:consensus,401361933
LAN202110060,-228,190,7.5,-100,-119,espn_pickcenter:consensus,401361934
HOU202110070,-132,112,7.5,-112,-108,espn_pickcenter:consensus,401361941
TBA202110070,-165,142,7.5,-119,-101,espn_pickcenter:consensus,401361942
HOU202110080,-111,-106,8.0,-115,-105,espn_pickcenter:consensus,401361943
MIL202110080,-156,133,7.0,-110,-110,espn_pickcenter:consensus,401361946
SFN202110080,-103,-115,7.0,-114,-106,espn_pickcenter:consensus,401361945
TBA202110080,-144,124,7.5,100,-120,espn_pickcenter:consensus,401361944
MIL202110090,-123,105,7.0,-122,103,espn_pickcenter:consensus,401361948
SFN202110090,108,-125,7.5,101,-120,espn_pickcenter:consensus,401361947
BOS202110100,-121,104,8.5,-120,-101,espn_pickcenter:consensus,401361950
CHA202110100,-123,104,8.5,-118,-102,espn_pickcenter:consensus,401361949
ATL202110110,-113,-104,8.0,-119,-101,espn_pickcenter:consensus,401361954
BOS202110110,-113,-104,9.5,101,-120,espn_pickcenter:consensus,401361952
LAN202110110,-205,173,7.5,-105,-115,espn_pickcenter:consensus,401361953
ATL202110120,-158,137,8.0,-105,-114,espn_pickcenter:consensus,401361957
CHA202110120,-109,-109,8.5,-113,-107,espn_pickcenter:consensus,401382030
LAN202110120,-185,159,8.0,-102,-117,espn_pickcenter:consensus,401361955
SFN202110140,-113,-104,7.0,-102,-118,espn_pickcenter:consensus,401361960
HOU202110150,-150,129,8.5,-114,-105,espn_pickcenter:consensus,401361962
ATL202110160,-109,-109,8.0,-111,-109,espn_pickcenter:consensus,401361964
HOU202110160,-118,100,8.5,-118,-101,espn_pickcenter:consensus,401361963
ATL202110170,150,-176,7.5,-119,-102,espn_pickcenter:consensus,401361965
BOS202110180,-119,101,9.5,100,-120,espn_pickcenter:consensus,401361966
BOS202110190,-132,114,10.0,-114,-105,espn_pickcenter:consensus,401361967
LAN202110190,-183,157,7.5,-100,-120,espn_pickcenter:consensus,401361968
BOS202110200,-124,107,9.5,-110,-110,espn_pickcenter:consensus,401361971
LAN202110200,-228,191,8.5,100,-121,espn_pickcenter:consensus,401361969
LAN202110210,-134,116,7.5,-115,-105,espn_pickcenter:consensus,401361970
HOU202110220,-116,-102,9.0,-114,-106,espn_pickcenter:consensus,401361972
ATL202110230,130,-150,8.0,-119,-101,espn_pickcenter:consensus,401361973
HOU202110260,-131,113,8.5,-106,-114,espn_pickcenter:consensus,401361976
HOU202110270,-120,103,8.5,-119,-101,espn_pickcenter:consensus,401361977
ATL202110290,-126,108,8.5,-110,-109,espn_pickcenter:consensus,401361978
ATL202110300,-106,-112,9.0,-103,-117,espn_pickcenter:consensus,401361979
ATL202110310,108,-125,8.5,-112,-108,espn_pickcenter:consensus,401361980
HOU202111020,-128,109,8.5,-113,-107,espn_pickcenter:consensus,401361981
CLE202210070,-123,103,5.5,-104,-116,espn_pickcenter:consensus,401467519
NYN202210070,-161,138,6.5,-103,-117,espn_pickcenter:consensus,401467520
SLN202210070,-111,-108,6.5,-121,100,espn_pickcenter:consensus,401467521
TOR202210070,-134,113,7.0,-101,-119,espn_pickcenter:consensus,401467518
CLE202210080,-111,-108,6.0,-108,-112,espn_pickcenter:consensus,401467523
NYN202210080,-177,149,5.5,-106,-115,espn_pickcenter:consensus,401467524
SLN202210080,103,-122,6.5,-114,-107,espn_pickcenter:consensus,401467525
TOR202210080,-173,146,7.5,-107,-113,espn_pickcenter:consensus,401467522
NYN202210090,-141,120,6.5,-125,104,espn_pickcenter:consensus,401467528
ATL202210110,-207,173,7.5,-114,-106,espn_pickcenter:consensus,401467567
HOU202210110,-238,194,6.5,-115,-105,espn_pickcenter:consensus,401467560
LAN202210110,-238,198,7.5,-115,-105,espn_pickcenter:consensus,401467573
NYA202210110,-202,170,7.0,-104,-116,espn_pickcenter:consensus,401467550
ATL202210120,-141,120,7.5,-107,-114,espn_pickcenter:consensus,401467568
LAN202210120,-192,160,7.0,100,-120,espn_pickcenter:consensus,401467576
HOU202210130,-151,130,6.5,-119,-102,espn_pickcenter:consensus,401467561
NYA202210140,-158,135,6.0,-120,100,espn_pickcenter:consensus,401498830
PHI202210140,-101,-118,6.5,-124,103,espn_pickcenter:consensus,401467569
SDN202210140,105,-125,7.5,102,-123,espn_pickcenter:consensus,401467578
CLE202210150,-101,-117,6.5,-110,-110,espn_pickcenter:consensus,401467552
PHI202210150,113,-131,9.0,-109,-111,espn_pickcenter:consensus,401467570
SDN202210150,102,-120,7.5,-105,-115,espn_pickcenter:consensus,401467579
SEA202210150,-103,-115,7.0,-113,-107,espn_pickcenter:consensus,401467563
CLE202210160,138,-162,6.5,-123,101,espn_pickcenter:consensus,401467553
NYA202210180,-171,145,7.0,100,-120,espn_pickcenter:consensus,401499418
SDN202210180,-119,100,6.5,-121,101,espn_pickcenter:consensus,401467584
HOU202210190,-186,157,7.0,100,-120,espn_pickcenter:consensus,401467572
SDN202210190,-118,-101,7.0,101,-121,espn_pickcenter:consensus,401467585
HOU202210200,-144,122,7.0,-112,-108,espn_pickcenter:consensus,401467574
PHI202210210,101,-120,7.5,-102,-118,espn_pickcenter:consensus,401467586
NYA202210220,-147,125,6.5,-119,-102,espn_pickcenter:consensus,401467575
PHI202210220,-114,-106,8.0,-108,-112,espn_pickcenter:consensus,401467587
NYA202210230,-122,103,6.5,-121,100,espn_pickcenter:consensus,401467577
PHI202210230,-140,119,6.5,-120,-101,espn_pickcenter:consensus,401467588
HOU202210280,-168,141,6.5,-121,100,espn_pickcenter:consensus,401467554
HOU202210290,-145,124,7.0,-103,-117,espn_pickcenter:consensus,401467555
PHI202211010,-110,-109,7.5,101,-122,espn_pickcenter:consensus,401467557
PHI202211020,-114,-105,7.5,102,-122,espn_pickcenter:consensus,401467559
PHI202211030,131,-154,7.5,-106,-115,espn_pickcenter:consensus,401467562
HOU202211050,-153,130,7.0,101,-121,espn_pickcenter:consensus,401467564
